{"version":1,"clouddialversion":3,"preview":"preview.bmp","name":"w47","author":"康思蕴","description":"w47","bluetooth":false,"disturb":false,"battery":false,"item":[{"widget":"custom","type":"time","x":17,"y":17,"w":206,"h":58,"fgcolor":"0xFFFFFFFF","fgrender":"0x0","font":"g13","fontnum":11},{"widget":"custom","type":"day","x":139,"y":88,"w":38,"h":26,"fgcolor":"0xFFFFFFFF","fgrender":"0x0","font":"g23","fontnum":10},{"widget":"custom","type":"week","x":67,"y":88,"w":66,"h":26,"fgcolor":"0xFFFFFFFF","fgrender":"0x0","style":0,"font":"week","fontnum":7}],"bkground":"files0.bmp"}