{"version":1,"clouddialversion":3,"preview":"preview.bmp","name":"w51","author":"康思蕴","description":"w51","bluetooth":false,"disturb":false,"battery":false,"item":[{"widget":"custom","type":"hourhi","x":48,"y":9,"w":66,"h":132,"fgcolor":"0xFFFFFFFF","fgrender":"0x0","font":"g12","fontnum":10},{"widget":"custom","type":"hourlo","x":118,"y":9,"w":66,"h":132,"fgcolor":"0xFFFFFFFF","fgrender":"0x0","font":"g22","fontnum":10},{"widget":"custom","type":"minhi","x":76,"y":153,"w":38,"h":122,"fgcolor":"0xFFFFFFFF","fgrender":"0x0","font":"g69","fontnum":10},{"widget":"custom","type":"minlo","x":118,"y":155,"w":38,"h":120,"fgcolor":"0xFFFFFFFF","fgrender":"0x0","font":"g79","fontnum":10},{"widget":"custom","type":"day","x":27,"y":129,"w":42,"h":26,"fgcolor":"0xFFFFFFFF","fgrender":"0x0","font":"g52","fontnum":10},{"widget":"custom","type":"week","x":22,"y":157,"w":52,"h":22,"fgcolor":"0xFFFFFFFF","fgrender":"0x0","style":0,"font":"week","fontnum":7}],"bkground":"files0.bmp"}