{
	"version": 1,
	"clouddialversion": 3,
	"preview": "preview.bmp",
	"name": "w7",
	"author": "左丽婷",
	"description": "ID207",
	"deviceId": "ID207",
	"bluetooth": false,
	"disturb": false,
	"battery": false,
	"compress": "LZ4",
	"item": [
		{
			"widget": "custom",
			"type": "calorie",
			"x": 38,
			"y": 246,
			"w": 50,
			"h": 20,
			"fgcolor": "0xFFFFFFFF",
			"fgrender": "0x0",
			"align": "left",
			"font": "g54",
			"fontnum": 10
		},
		{
			"widget": "custom",
			"type": "step",
			"x": 161,
			"y": 246,
			"w": 62,
			"h": 20,
			"fgcolor": "0xFFFFFFFF",
			"fgrender": "0x0",
			"align": "left",
			"font": "g54",
			"fontnum": 10
		},
		{
			"widget": "custom",
			"type": "day",
			"x": 20,
			"y": 18,
			"w": 22,
			"h": 14,
			"fgcolor": "0xFFFFFFFF",
			"fgrender": "0x0",
			"align": "left",
			"font": "g64",
			"fontnum": 10
		},
		{
			"widget": "custom",
			"type": "battery",
			"x": 148,
			"y": 18,
			"w": 48,
			"h": 16,
			"fgcolor": "0xFFFFFFFF",
			"fgrender": "0x0",
			"align": "center",
			"font": "g81",
			"fontnum": 11
		},
		{
			"widget": "progressbar",
			"x": 200,
			"y": 22,
			"w": 12,
			"h": 6,
			"style": 0,
			"bgcolor": "0xFFbdcee6",
			"bgrender": "0xFFFFFFFF",
			"type": "battery",
			"fgcolor": "0xFFFFFFFF",
			"bg": "files299_4bit.bmp",
			"progress": "files299_4bit.bmp"
		},
		{
			"widget": "custom",
			"type": "hourhi",
			"x": 34,
			"y": 57,
			"w": 63,
			"h": 94,
			"fgcolor": "0xFFFFFFFF",
			"fgrender": "0x0",
			"align": "left",
			"font": "g173",
			"fontnum": 10
		},
		{
			"widget": "custom",
			"type": "hourlo",
			"x": 91,
			"y": 37,
			"w": 62,
			"h": 94,
			"fgcolor": "0xFFFFFFFF",
			"fgrender": "0x0",
			"align": "left",
			"font": "g173",
			"fontnum": 10
		},
		{
			"widget": "custom",
			"type": "minhi",
			"x": 86,
			"y": 133,
			"w": 130,
			"h": 94,
			"fgcolor": "0xFFFFFFFF",
			"fgrender": "0x0",
			"align": "left",
			"font": "g290",
			"fontnum": 10
		},
		{
			"widget": "custom",
			"type": "minlo",
			"x": 148,
			"y": 116,
			"w": 130,
			"h": 94,
			"fgcolor": "0xFFFFFFFF",
			"fgrender": "0x0",
			"align": "left",
			"font": "g290",
			"fontnum": 10
		},
		{
			"widget": "custom",
			"type": "icon",
			"x": 40,
			"y": 19,
			"w": 12,
			"h": 16,
			"bgcolor": "0xFFFFFFFF",
			"bgrender": "0xFFFFFFFF",
			"bg": "files300.png"
		},
		{
			"widget": "custom",
			"type": "month",
			"x": 49,
			"y": 18,
			"w": 22,
			"h": 14,
			"fgcolor": "0xFFFFFFFF",
			"fgrender": "0x0",
			"align": "left",
			"font": "g64",
			"style": 5,
			"fontnum": 10
		}
	],
	"bkground": "files296.bmp"
}