{
	"version": 1,
	"clouddialversion": 3,
	"preview": "preview.bmp",
	"name": "w09",
	"author": "左丽婷",
	"description": "ID207",
	"deviceId": "ID207",
	"bluetooth": false,
	"disturb": false,
	"battery": false,
	"compress": "LZ4",
	"item": [
		{
			"widget": "custom",
			"type": "step",
			"x": 45,
			"y": 238,
			"w": 62,
			"h": 20,
			"fgcolor": "0xFFFFFFFF",
			"fgrender": "0x0",
			"align": "left",
			"font": "g44",
			"fontnum": 10
		},
		{
			"widget": "custom",
			"type": "calorie",
			"x": 144,
			"y": 238,
			"w": 50,
			"h": 20,
			"fgcolor": "0xFFFFFFFF",
			"fgrender": "0x0",
			"align": "right",
			"font": "g44",
			"fontnum": 10
		},
		{
			"widget": "custom",
			"type": "day",
			"x": 20,
			"y": 18,
			"w": 22,
			"h": 14,
			"fgcolor": "0xFFFFFFFF",
			"fgrender": "0x0",
			"align": "left",
			"font": "g64",
			"fontnum": 10
		},
		{
			"widget": "custom",
			"type": "battery",
			"x": 148,
			"y": 18,
			"w": 46,
			"h": 16,
			"fgcolor": "0xFFFFFFFF",
			"fgrender": "0x0",
			"align": "center",
			"font": "g81",
			"fontnum": 11
		},
		{
			"widget": "progressbar",
			"x": 200,
			"y": 22,
			"w": 12,
			"h": 6,
			"style": 0,
			"bgcolor": "0xFF19293a",
			"bgrender": "0xFFFFFFFF",
			"type": "battery",
			"fgcolor": "0xFFFFFFFF",
			"bg": "files245_4bit.bmp",
			"progress": "files245_4bit.bmp"
		},
		{
			"widget": "custom",
			"type": "time",
			"x": 12,
			"y": 92,
			"w": 216,
			"h": 68,
			"fgcolor": "0xFFFFFFFF",
			"fgrender": "0x0",
			"align": "left",
			"font": "g149",
			"fontnum": 11
		},
		{
			"widget": "custom",
			"type": "icon",
			"x": 40,
			"y": 19,
			"w": 12,
			"h": 16,
			"bgcolor": "0xFFFFFFFF",
			"bgrender": "0xFFFFFFFF",
			"bg": "files243.png"
		},
		{
			"widget": "custom",
			"type": "month",
			"x": 50,
			"y": 18,
			"w": 22,
			"h": 14,
			"fgcolor": "0xFFFFFFFF",
			"fgrender": "0x0",
			"align": "left",
			"font": "g64",
			"style": 5,
			"fontnum": 10
		}
	],
	"bkground": "files247.bmp"
}