{"version":1,"clouddialversion":3,"preview":"preview.bmp","name":"w256","author":"康思蕴","description":"w256","bluetooth":false,"disturb":false,"battery":false,"item":[{"widget":"custom","type":"hour","x":85,"y":53,"w":70,"h":90,"fgcolor":"0xFFFFFFFF","fgrender":"0x0","font":"g12","fontnum":10},{"widget":"custom","type":"min","x":85,"y":143,"w":70,"h":90,"fgcolor":"0xFFFFFFFF","fgrender":"0x0","font":"g12","fontnum":10},{"widget":"custom","type":"month","x":85,"y":236,"w":48,"h":34,"fgcolor":"0xFFFFFFFF","fgrender":"0x0","style":0,"font":"month","fontnum":12},{"widget":"custom","type":"week","x":95,"y":19,"w":48,"h":28,"fgcolor":"0xFFFFFFFF","fgrender":"0x0","style":0,"font":"week","fontnum":7},{"widget":"custom","type":"day","x":132,"y":236,"w":30,"h":34,"fgcolor":"0xFFFFFFFF","fgrender":"0x0","font":"g51","fontnum":10}],"bkground":"files0.bmp"}