{
	"version": 1,
	"clouddialversion": 3,
	"preview": "preview.bmp",
	"name": "w6",
	"author": "左丽婷",
	"description": "ID207",
	"deviceId": "ID207",
	"bluetooth": false,
	"disturb": false,
	"battery": false,
	"compress": "LZ4",
	"item": [
		{
			"widget": "custom",
			"type": "hour",
			"x": 101,
			"y": 71,
			"w": 122,
			"h": 79,
			"fgcolor": "0xFFFFFFFF",
			"fgrender": "0x0",
			"align": "right",
			"font": "g185",
			"fontnum": 10
		},
		{
			"widget": "custom",
			"type": "min",
			"x": 85,
			"y": 159,
			"w": 146,
			"h": 92,
			"fgcolor": "0xFFFFFFFF",
			"fgrender": "0x0",
			"align": "right",
			"font": "g34",
			"fontnum": 10
		},
		{
			"widget": "custom",
			"type": "step",
			"x": 18,
			"y": 233,
			"w": 62,
			"h": 20,
			"fgcolor": "0xFFFFFFFF",
			"fgrender": "0x0",
			"align": "left",
			"font": "g44",
			"fontnum": 10
		},
		{
			"widget": "custom",
			"type": "calorie",
			"x": 18,
			"y": 152,
			"w": 50,
			"h": 20,
			"fgcolor": "0xFFFFFFFF",
			"fgrender": "0x0",
			"align": "left",
			"font": "g44",
			"fontnum": 10
		},
		{
			"widget": "custom",
			"type": "day",
			"x": 23,
			"y": 18,
			"w": 22,
			"h": 14,
			"fgcolor": "0xFFFFFFFF",
			"fgrender": "0x0",
			"align": "left",
			"font": "g64",
			"fontnum": 10
		},
		{
			"widget": "custom",
			"type": "battery",
			"x": 148,
			"y": 18,
			"w": 46,
			"h": 16,
			"fgcolor": "0xFFFFFFFF",
			"fgrender": "0x0",
			"align": "center",
			"font": "g81",
			"fontnum": 11
		},
		{
			"widget": "progressbar",
			"x": 200,
			"y": 22,
			"w": 12,
			"h": 6,
			"style": 0,
			"bgcolor": "0xFF21293a",
			"bgrender": "0xFFFFFFFF",
			"type": "battery",
			"fgcolor": "0xFFFFFFFF",
			"bg": "files206_4bit.bmp",
			"progress": "files206_4bit.bmp"
		},
		{
			"widget": "custom",
			"type": "icon",
			"x": 43,
			"y": 19,
			"w": 12,
			"h": 16,
			"bgcolor": "0xFFFFFFFF",
			"bgrender": "0xFFFFFFFF",
			"bg": "files207.png"
		},
		{
			"widget": "custom",
			"type": "month",
			"x": 53,
			"y": 18,
			"w": 22,
			"h": 14,
			"fgcolor": "0xFFFFFFFF",
			"fgrender": "0x0",
			"align": "left",
			"font": "g64",
			"style": 5,
			"fontnum": 10
		}
	],
	"bkground": "files204.bmp"
}