{"version":1,"clouddialversion":3,"preview":"preview.bmp","name":"w48","author":"康思蕴","description":"w48","bluetooth":false,"disturb":false,"battery":false,"item":[{"widget":"custom","type":"time","x":22,"y":11,"w":196,"h":68,"fgcolor":"0xFFFFFFFF","fgrender":"0x0","font":"g13","fontnum":11},{"widget":"custom","type":"day","x":139,"y":87,"w":42,"h":36,"fgcolor":"0xFFFFFFFF","fgrender":"0x0","font":"g37","fontnum":10},{"widget":"custom","type":"week","x":63,"y":87,"w":72,"h":36,"fgcolor":"0xFFFFFFFF","fgrender":"0x0","style":0,"font":"week","fontnum":7}],"bkground":"files0.bmp"}